{ 
    "_id" : ObjectId("5afc83664c751e47ed695250"), 
    "name" : "naslov taga", 
    "profile" : {
        "_id" : ObjectId("5adcc4773cd05011d89b29a0"), 
        "firstname" : "Pero", 
        "lastname" : "Slav", 
        "servedby" : "Dev-Macbook.local 192.168.1.188"
    }
}
{ 
    "_id" : ObjectId("5afc841c4c751e4833589ede"), 
    "name" : "prvinovi", 
    "profile" : {
        "_id" : ObjectId("5adcc4773cd05011d89b29a0"), 
        "firstname" : "Pero", 
        "lastname" : "Slav", 
        "servedby" : "Dev-Macbook.local 192.168.1.188"
    }
}
{ 
    "_id" : ObjectId("5afc841c4c751e4833589edf"), 
    "name" : "druginovi", 
    "profile" : {
        "_id" : ObjectId("5adcc4773cd05011d89b29a0"), 
        "firstname" : "Pero", 
        "lastname" : "Slav", 
        "servedby" : "Dev-Macbook.local 192.168.1.188"
    }
}
{ 
    "_id" : ObjectId("5afdc5104c751e62c530b736"), 
    "name" : "Ido", 
    "profile" : {
        "_id" : ObjectId("5ac8ac143cd050255c1a6eca"), 
        "firstname" : "Karlo", 
        "lastname" : "Šimunović"
    }
}
{ 
    "_id" : ObjectId("5afdc5104c751e62c530b737"), 
    "name" : "now", 
    "profile" : {
        "_id" : ObjectId("5ac8ac143cd050255c1a6eca"), 
        "firstname" : "Karlo", 
        "lastname" : "Šimunović"
    }
}
{ 
    "_id" : ObjectId("5afdc7d34c751e62c530b738"), 
    "name" : "vvvv", 
    "profile" : {
        "_id" : ObjectId("5ac8ac143cd050255c1a6eca"), 
        "firstname" : "Karlo", 
        "lastname" : "Šimunović"
    }
}
{ 
    "_id" : ObjectId("5afdc82b4c751e62c530b739"), 
    "name" : "www", 
    "profile" : {
        "_id" : ObjectId("5ac8ac143cd050255c1a6eca"), 
        "firstname" : "Karlo", 
        "lastname" : "Šimunović"
    }
}
{ 
    "_id" : ObjectId("5afdc94b4c751e62c530b73a"), 
    "name" : "tttt", 
    "profile" : {
        "_id" : ObjectId("5ac8ac143cd050255c1a6eca"), 
        "firstname" : "Karlo", 
        "lastname" : "Šimunović"
    }
}
{ 
    "_id" : ObjectId("5afdcc534c751e62c530b73b"), 
    "name" : "rrrr", 
    "profile" : {
        "_id" : ObjectId("5ac8ac143cd050255c1a6eca"), 
        "firstname" : "Karlo", 
        "lastname" : "Šimunović"
    }
}
{ 
    "_id" : ObjectId("5afdcdd14c751e62c530b73c"), 
    "name" : "ffff", 
    "profile" : {
        "_id" : ObjectId("5ac8ac143cd050255c1a6eca"), 
        "firstname" : "Karlo", 
        "lastname" : "Šimunović"
    }
}
{ 
    "_id" : ObjectId("5afdceb24c751e62c530b73d"), 
    "name" : "ssss", 
    "profile" : {
        "_id" : ObjectId("5ac8ac143cd050255c1a6eca"), 
        "firstname" : "Karlo", 
        "lastname" : "Šimunović"
    }
}
{ 
    "_id" : ObjectId("5afdced34c751e62c530b73e"), 
    "name" : "dddd", 
    "profile" : {
        "_id" : ObjectId("5ac8ac143cd050255c1a6eca"), 
        "firstname" : "Karlo", 
        "lastname" : "Šimunović"
    }
}
{ 
    "_id" : ObjectId("5afdcf904c751e62c530b73f"), 
    "name" : "gggg", 
    "profile" : {
        "_id" : ObjectId("5ac8ac143cd050255c1a6eca"), 
        "firstname" : "Karlo", 
        "lastname" : "Šimunović"
    }
}
{ 
    "_id" : ObjectId("5afdcfdf4c751e62c530b740"), 
    "name" : "hhh", 
    "profile" : {
        "_id" : ObjectId("5ac8ac143cd050255c1a6eca"), 
        "firstname" : "Karlo", 
        "lastname" : "Šimunović"
    }
}
{ 
    "_id" : ObjectId("5afdd06c4c751e62c530b741"), 
    "name" : "yyy", 
    "profile" : {
        "_id" : ObjectId("5ac8ac143cd050255c1a6eca"), 
        "firstname" : "Karlo", 
        "lastname" : "Šimunović"
    }
}
{ 
    "_id" : ObjectId("5afdd74f4c751e62c530b742"), 
    "name" : "cccc", 
    "profile" : {
        "_id" : ObjectId("5ac8ac143cd050255c1a6eca"), 
        "firstname" : "Karlo", 
        "lastname" : "Šimunović"
    }
}
{ 
    "_id" : ObjectId("5b084a454c751eda2a6c6cad"), 
    "name" : "noviTag", 
    "profile" : {
        "_id" : ObjectId("5ac8ac143cd050255c1a6eca"), 
        "firstname" : "Karlo", 
        "lastname" : "Šimunović"
    }
}
{ 
    "_id" : ObjectId("5b084e8f4c751eda2a6c6cae"), 
    "name" : "HaloMala", 
    "profile" : {
        "_id" : ObjectId("5ac8ac143cd050255c1a6eca"), 
        "firstname" : "Karlo", 
        "lastname" : "Šimunović"
    }
}
{ 
    "_id" : ObjectId("5b0850b74c751eda2a6c6caf"), 
    "name" : "prvi", 
    "profile" : {
        "_id" : ObjectId("5ac8ac143cd050255c1a6eca"), 
        "firstname" : "Karlo", 
        "lastname" : "Šimunović"
    }
}
{ 
    "_id" : ObjectId("5b0851474c751eda2a6c6cb0"), 
    "name" : "33", 
    "profile" : {
        "_id" : ObjectId("5ac8ac143cd050255c1a6eca"), 
        "firstname" : "Karlo", 
        "lastname" : "Šimunović"
    }
}
{ 
    "_id" : ObjectId("5b0855be4c751eda2a6c6cb1"), 
    "name" : "stariTag", 
    "profile" : {
        "_id" : ObjectId("5ac8ac143cd050255c1a6eca"), 
        "firstname" : "Karlo", 
        "lastname" : "Šimunović"
    }
}
{ 
    "_id" : ObjectId("5b0860d24c751eda2a6c6cb2"), 
    "name" : "no", 
    "profile" : {
        "_id" : ObjectId("5ac8ac143cd050255c1a6eca"), 
        "firstname" : "Karlo", 
        "lastname" : "Šimunović"
    }
}
{ 
    "_id" : ObjectId("5b0860eb4c751eda2a6c6cb3"), 
    "name" : "jalo", 
    "profile" : {
        "_id" : ObjectId("5ac8ac143cd050255c1a6eca"), 
        "firstname" : "Karlo", 
        "lastname" : "Šimunović"
    }
}
{ 
    "_id" : ObjectId("5b0916334c751e032a14164b"), 
    "name" : "HaloMala", 
    "profile" : {
        "_id" : ObjectId("5ac8ac143cd050255c1a6eca"), 
        "firstname" : "Karlo", 
        "lastname" : "Šimunović"
    }
}
